{"Train Loss": 2.3150645641419523, "Epoch": 0, "_timestamp": 1720336558.658922, "_runtime": 29.688822984695435, "_step": 1, "Val Loss": 0.8450977112152346, "_wandb": {"runtime": 36}}