{"Train Loss": 2.9335271340695064, "Epoch": 0, "_timestamp": 1720277135.4442825, "_runtime": 29.78231954574585, "_step": 1, "Val Loss": 4.882103715023176}